Keyword/Keyword Phrase,Related Terms,Volume,CPC,URL
plumber,plumber,40500,6.95,https://en.wikipedia.org/wiki/Plumber
plumber,plumber,40500,6.95,https://en.wikipedia.org/wiki/Plumbing
plumber,plumber,40500,6.95,https://www.localheroes.com/plumber
plumber,plumber,40500,6.95,https://www.aspect.co.uk/trades/plumbing-and-cold-water/
plumber,plumber,40500,6.95,https://www.pimlicoplumbers.com/
plumber,plumber,40500,6.95,https://www.my-plumber.co.uk/
plumber,plumber,40500,6.95,https://www.ratedpeople.com/local-plumbers
plumber,plumber,40500,6.95,https://www.mybuilder.com/plumbers/in/uk
plumber,plumber,40500,6.95,https://www.bbc.co.uk/news/business-30851179
plumber,plumber,40500,6.95,https://www.unitedutilities.com/emergencies/got-a-problem/need-a-plumber/
plumber,plumber,40500,6.95,https://www.plumbforcedirect.co.uk/
plumber,plumber,40500,6.95,https://www.watersafe.org.uk/approved_plumbers
plumber,plumber,40500,6.95,https://www.thameswater.co.uk/help-and-advice/no-water-or-low-pressure/find-a-plumber
plumber,plumber,40500,6.95,http://www.manchesters-plumbers.co.uk/
plumber,plumber,40500,6.95,https://nationalcareers.service.gov.uk/job-profiles/plumber
plumber,plumbers near me,22200,6.11,https://homeguide.com/plumbers
plumber,plumbers near me,22200,6.11,https://www.trustatrader.com/plumbers
plumber,plumbers near me,22200,6.11,https://www.localheroes.com/advice/how-to-find-plumbers-near-me
plumber,plumbers near me,22200,6.11,https://www.localheroes.com/plumber
plumber,plumbers near me,22200,6.11,https://www.ratedpeople.com/local-plumbers
plumber,plumbers near me,22200,6.11,https://www.ratedpeople.com/local-plumbers/london
plumber,plumbers near me,22200,6.11,https://www.yelp.com/nearme/plumbers
plumber,plumbers near me,22200,6.11,https://www.jocoxloneliness.org/plumbers-near-me/
plumber,plumbers near me,22200,6.11,https://www.myjobquote.co.uk/plumber
plumber,plumbers near me,22200,6.11,https://www.plumbingforce.co.uk/emergencies/
plumber,plumbers near me,22200,6.11,https://www.gumtree.com/plumbing-services/birmingham
plumber,plumbers near me,22200,6.11,https://proemergencyplumbernearme.co.uk/
plumber,plumbers near me,22200,6.11,https://www.checkatrade.com/Search/Plumber/in/Uk
plumber,plumbers near me,22200,6.11,https://www.plumbforcedirect.co.uk/
plumber,pimlico plumbers,18100,2.16,https://www.pimlicoplumbers.com/
plumber,pimlico plumbers,18100,2.16,https://en.wikipedia.org/wiki/Pimlico_Plumbers
plumber,pimlico plumbers,18100,2.16,https://www.theguardian.com/business/2018/jun/13/pimlico-plumbers-gig-economy-heating-engineer-wins-claim-against-pimlico-plumbers
plumber,pimlico plumbers,18100,2.16,https://www.theguardian.com/business/2019/mar/20/gig-economy-worker-loses-pimlico-plumbers-holiday-pay-claim
plumber,pimlico plumbers,18100,2.16,https://www.bbc.co.uk/news/business-44465639
plumber,pimlico plumbers,18100,2.16,https://www.employeebenefits.co.uk/employment-tribunal-pimlico-plumbers/
plumber,pimlico plumbers,18100,2.16,https://uk.trustpilot.com/review/www.pimlicoplumbers.com
plumber,pimlico plumbers,18100,2.16,https://www.express.co.uk/finance/city/973751/Pimlico-Plumbers-legal-case-supreme-court-employment-temporary-work
plumber,pimlico plumbers,18100,2.16,https://www.independent.co.uk/news/business/analysis-and-features/view-from-the-top-pimlico-plumbers-charlie-mullins-supreme-court-case-self-employed-a8401026.html
plumber,pimlico plumbers,18100,2.16,https://www.independent.co.uk/topic/pimlico-plumbers
plumber,plumbers merchants,18100,1.34,https://www.grahamplumbersmerchant.co.uk/
plumber,plumbers merchants,18100,1.34,https://www.plumbase.co.uk/
plumber,plumbers merchants,18100,1.34,https://www.cityplumbing.co.uk/
plumber,plumbers merchants,18100,1.34,https://www.duftons.co.uk/
plumber,plumbers merchants,18100,1.34,https://www.plumbcall.com/
plumber,plumbers merchants,18100,1.34,https://www.jtmplumbing.co.uk/
plumber,plumbers merchants,18100,1.34,https://www.jhplumb.com/
plumber,plumbers merchants,18100,1.34,https://www.plumbingworld.co.uk/
plumber,plumbers merchants,18100,1.34,https://www.kenknightplumbing-liverpool.co.uk/
plumber,plumbers merchants,18100,1.34,https://www.plumcoltd.co.uk/
plumber,plumbers merchants,18100,1.34,https://www.wolseley.co.uk/
plumber,plumbers merchants,18100,1.34,https://www.amsplumbing.co.uk/
plumber,plumbers merchants,18100,1.34,https://plumbits.net/
plumber,plumbers merchants,18100,1.34,https://buttles.com/plumbing-heating/
plumber,plumbers merchants,18100,1.34,https://fraserellis.co.uk/
plumber,plumbers merchants near me,14800,2.27,https://www.grahamplumbersmerchant.co.uk/
plumber,plumbers merchants near me,14800,2.27,https://www.grahamplumbersmerchant.co.uk/branch-locator/
plumber,plumbers merchants near me,14800,2.27,https://www.cityplumbing.co.uk/
plumber,plumbers merchants near me,14800,2.27,https://www.cityplumbing.co.uk/pts
plumber,plumbers merchants near me,14800,2.27,https://www.plumbase.co.uk/
plumber,plumbers merchants near me,14800,2.27,https://www.jhplumb.com/
plumber,plumbers merchants near me,14800,2.27,https://www.plumbworld.co.uk/plumbing-supplies-5-0000
plumber,plumbers merchants near me,14800,2.27,http://totalplumbing.co.uk/
plumber,plumbers merchants near me,14800,2.27,https://www.exps.co.uk/
plumber,plumbers merchants near me,14800,2.27,http://www.duftons.co.uk/?
plumber,plumbers merchants near me,14800,2.27,https://www.plumbnation.co.uk/
plumber,plumbers merchants near me,14800,2.27,https://www.wolseley.co.uk/
plumber,plumbers merchants near me,14800,2.27,https://www.travisperkinsplc.co.uk/our-businesses/businesses/city-plumbing-supplies.aspx
plumber,plumbers merchants near me,14800,2.27,https://www.bellplumbing.co.uk/
plumber,plumbers merchants near me,14800,2.27,http://www.sxheating.co.uk/
plumber,emergency plumber,6600,12.45,https://www.plumbingforce.co.uk/emergencies/
plumber,emergency plumber,6600,12.45,https://www.watersafe.org.uk/advice/emergency_plumbers/
plumber,emergency plumber,6600,12.45,https://www.emergencyplumber.uk.com/
plumber,emergency plumber,6600,12.45,https://www.yell.com/s/24+hour+plumbers-birmingham.html
plumber,emergency plumber,6600,12.45,https://www.wefixnow.com/emergency-plumbing/
plumber,emergency plumber,6600,12.45,https://www.draindoctor.co.uk/plumbing/emergency-plumbing/
plumber,emergency plumber,6600,12.45,https://www.directline.com/emergency-plumber
plumber,emergency plumber,6600,12.45,https://www.emergencyplumbers.co.uk/
plumber,emergency plumber,6600,12.45,https://www.dyno.com/plumbers/emergency-plumber
plumber,emergency plumber,6600,12.45,https://alkemergencyplumbers.co.uk/
plumber,emergency plumber,6600,12.45,https://www.egpplumbers.co.uk/emergency-plumbers/
plumber,emergency plumber,6600,12.45,http://secondelementplumbing.co.uk/
plumber,emergency plumber,6600,12.45,https://www.aroundthebendplumbing.co.uk/
plumber,emergency plumber,6600,12.45,https://emergencyplumberslondon.org/
plumber,emergency plumber,6600,12.45,https://bdsdrainage.co.uk/emergency-plumbers-london/
plumber,graham plumbers merchant,5400,3.04,https://www.grahamplumbersmerchant.co.uk/
plumber,graham plumbers merchant,5400,3.04,https://en-gb.facebook.com/GrahamPlumbersMerchant/
plumber,graham plumbers merchant,5400,3.04,https://www.linkedin.com/company/graham-plumbers-merchant
plumber,graham plumbers merchant,5400,3.04,https://www.jewson.co.uk/
plumber,graham plumbers merchant,5400,3.04,http://www.buildersmerchantsnews.co.uk/news/fullstory.php/aid/11982/Graham_expands_its_network_with_new_branches_.html
plumber,graham plumbers merchant,5400,3.04,https://bathroom-showrooms.co.uk/
plumber,graham plumbers merchant,5400,3.04,https://www.yell.com/biz/graham-ipswich-6894951/
plumber,graham plumbers merchant,5400,3.04,https://www.totaljobs.com/jobs-at/graham/jobs
plumber,graham plumbers merchant,5400,3.04,http://www.buildersmerchantsjournal.net/graham-appoints-new-md/
plumber,graham plumbers merchant,5400,3.04,https://merlynshowering.com/showroom/graham-plumber-merchants-edinburgh-seafield/
plumber,graham plumbers merchant,5400,3.04,https://uk.trustpilot.com/review/www.grahamplumbersmerchant.co.uk
plumber,local plumbers,5400,6.11,https://www.localheroes.com/plumber
plumber,local plumbers,5400,6.11,https://www.local-plumbers.org/
plumber,local plumbers,5400,6.11,https://www.local-plumbers.org/contact/
plumber,local plumbers,5400,6.11,https://www.trustatrader.com/plumbers
plumber,local plumbers,5400,6.11,http://www.plumberslocally.co.uk/
plumber,local plumbers,5400,6.11,https://www.ratedpeople.com/local-plumbers
plumber,local plumbers,5400,6.11,https://www.mybuilder.com/plumbers/in/uk
plumber,local plumbers,5400,6.11,https://www.gumtree.com/plumbing-services/uk/local+plumbers
plumber,local plumbers,5400,6.11,https://www.gumtree.com/plumbing-services/london/local+plumbers
plumber,local plumbers,5400,6.11,https://www.localplumberswecare.co.uk/
plumber,local plumbers,5400,6.11,https://www.dyno.com/plumbers
plumber,local plumbers,5400,6.11,https://www.yourlocalplumbingcompany.co.uk/
plumber,local plumbers,5400,6.11,https://www.plumbforcedirect.co.uk/
plumber,local plumbers,5400,6.11,https://www.checkatrade.com/LocalPlumbersWeCare/
plumber,plumber london,4400,14.21,https://www.my-plumber.co.uk/
plumber,plumber london,4400,14.21,https://www.plumbforcedirect.co.uk/
plumber,plumber london,4400,14.21,https://www.pimlicoplumbers.com/
plumber,plumber london,4400,14.21,https://www.trustatrader.com/plumbers-in-london
plumber,plumber london,4400,14.21,https://www.aspect.co.uk/trades/plumbing-and-cold-water/
plumber,plumber london,4400,14.21,https://www.ratedpeople.com/local-plumbers/london
plumber,plumber london,4400,14.21,https://www.plumblondon.com/
plumber,plumber london,4400,14.21,https://www.checkatrade.com/Search/Plumber/in/London
plumber,plumber london,4400,14.21,https://www.wpjheating.co.uk/plumbing-london/
plumber,plumber london,4400,14.21,https://www.mybuilder.com/plumbers/england/london
plumber,plumber london,4400,14.21,https://london-plumber.co.uk/
plumber,plumber london,4400,14.21,https://www.gumtree.com/plumbing-services/london
plumber,plumber london,4400,14.21,https://www.yell.com/s/plumbers-london.html
plumber,plumber london,4400,14.21,https://www.marvel.plumbing/
plumber,plumber london,4400,14.21,https://www.fantastichandyman.co.uk/plumbers-services/
plumber,plumbers mate,3600,0.26,https://www.plumbers-mate-sales.co.uk/
plumber,plumbers mate,3600,0.26,https://www.amazon.co.uk/Stik-Plumbers-Mait-750g-456006/dp/B0001P03TM
plumber,plumbers mate,3600,0.26,https://www.indeed.co.uk/Plumbers-Mate-jobs
plumber,plumbers mate,3600,0.26,https://www.screwfix.com/p/evo-stik-plumber-s-mait-750g/14477
plumber,plumbers mate,3600,0.26,https://www.totaljobs.com/jobs/plumbers-mate
plumber,plumbers mate,3600,0.26,https://www.plumbersmateuk.co.uk/
plumber,plumbers mate,3600,0.26,https://www.diy.com/departments/evo-stik-plumbers-mait-non-setting-putty-750-g/30582_BQ.prd
plumber,plumbers mate,3600,0.26,https://www.jobsite.co.uk/jobs/plumbers-mate
plumber,plumbers mate,3600,0.26,https://www.cv-library.co.uk/jobs/plumbers-mate
plumber,plumbers mate,3600,0.26,https://www.toolstation.com/plumbers-mait/p66106
plumber,plumbers mate,3600,0.26,https://www.simplyhired.co.uk/search?q=plumbers+mate
plumber,plumbers mate,3600,0.26,https://www.gumtree.com/jobs/b/plumbers-mate/
plumber,plumbers mate,3600,0.26,https://www.wickes.co.uk/Evo-Stik-Plumber's-Mait-Waterproof-Non-Setting-Putty---750g/p/151076
plumber,plumbers mate,3600,0.26,https://www.homebase.co.uk/plumbers-mait-750g_p320565
plumber,plumbers mate,3600,0.26,https://uk.jooble.org/jobs-plumbers-mate/Leeds
plumber,plumbers edinburgh,2900,6.11,https://www.trustedtrader.scot/Edinburgh/search.php?bus_type=Plumbers
plumber,plumbers edinburgh,2900,6.11,https://www.yell.com/s/plumbers-edinburgh.html
plumber,plumbers edinburgh,2900,6.11,https://www.mybuilder.com/plumbers/midlothian/edinburgh
plumber,plumbers edinburgh,2900,6.11,https://www.gumtree.com/plumbing-services/edinburgh
plumber,plumbers edinburgh,2900,6.11,https://threebestrated.co.uk/plumbers-in-edinburgh
plumber,plumbers edinburgh,2900,6.11,http://www.cummingsplumbing.co.uk/
plumber,plumbers edinburgh,2900,6.11,https://edinburgh-reviews.co.uk/6-of-the-most-recommended-plumbers-in-edinburgh/
plumber,plumbers edinburgh,2900,6.11,https://www.trustatrader.com/plumbers-in-edinburgh
plumber,plumbers edinburgh,2900,6.11,http://www.abbeyhillplumbing.co.uk/
plumber,plumbers edinburgh,2900,6.11,https://www.albionplumbing.co.uk/
plumber,plumbers edinburgh,2900,6.11,https://www.emergencyplumbersedinburgh.co.uk/
plumber,plumbers edinburgh,2900,6.11,https://www.cullen-plumbing.co.uk/
plumber,plumbers edinburgh,2900,6.11,https://www.ratedpeople.com/local-plumbers/city-of-edinburgh/edinburgh
plumber,plumbers edinburgh,2900,6.11,http://williamsplumbingedinburgh.co.uk/
plumber,plumbers edinburgh,2900,6.11,http://www.murrayfieldplumbingandheating.co.uk/
plumber,plumber edinburgh,2400,7.59,https://www.trustedtrader.scot/Edinburgh/search.php?bus_type=Plumbers
plumber,plumber edinburgh,2400,7.59,https://www.gumtree.com/plumbing-services/edinburgh
plumber,plumber edinburgh,2400,7.59,https://www.mybuilder.com/plumbers/midlothian/edinburgh
plumber,plumber edinburgh,2400,7.59,https://www.yell.com/s/plumbers-edinburgh.html
plumber,plumber edinburgh,2400,7.59,https://threebestrated.co.uk/plumbers-in-edinburgh
plumber,plumber edinburgh,2400,7.59,http://www.cummingsplumbing.co.uk/
plumber,plumber edinburgh,2400,7.59,https://edinburgh-reviews.co.uk/6-of-the-most-recommended-plumbers-in-edinburgh/
plumber,plumber edinburgh,2400,7.59,https://www.trustatrader.com/plumbers-in-edinburgh
plumber,plumber edinburgh,2400,7.59,https://www.emergencyplumbersedinburgh.co.uk/
plumber,plumber edinburgh,2400,7.59,https://www.albionplumbing.co.uk/
plumber,plumber edinburgh,2400,7.59,https://www.cullen-plumbing.co.uk/
plumber,plumber edinburgh,2400,7.59,https://www.ratedpeople.com/local-plumbers/city-of-edinburgh/edinburgh
plumber,plumber edinburgh,2400,7.59,http://www.abbeyhillplumbing.co.uk/
plumber,plumber edinburgh,2400,7.59,https://celsiusplumbingandheating.com/
plumber,plumber edinburgh,2400,7.59,http://williamsplumbingedinburgh.co.uk/
plumber,plumber manchester,2400,7.42,http://www.manchesters-plumbers.co.uk/
plumber,plumber manchester,2400,7.42,https://www.gumtree.com/plumbing-services/manchester
plumber,plumber manchester,2400,7.42,https://www.checkatrade.com/Search/General-Plumbing/in/Manchester
plumber,plumber manchester,2400,7.42,https://www.yell.com/s/plumbers-manchester.html
plumber,plumber manchester,2400,7.42,http://www.local-manchester-plumbers.co.uk/
plumber,plumber manchester,2400,7.42,https://www.plumbersmanchester-0161.co.uk/
plumber,plumber manchester,2400,7.42,https://www.manchesterplumber.org.uk/
plumber,plumber manchester,2400,7.42,https://www.localplumberswecare.co.uk/
plumber,plumber manchester,2400,7.42,https://www.manchesterplumber247365.co.uk/
plumber,plumber manchester,2400,7.42,https://www.mybuilder.com/plumbers/lancashire/manchester
plumber,plumber manchester,2400,7.42,https://www.ratedpeople.com/local-plumbers/greater-manchester/manchester
plumber,plumber manchester,2400,7.42,https://www.trustatrader.com/plumbers-in-manchester
plumber,plumber manchester,2400,7.42,https://www.manchesterheatingandplumbing.co.uk/
plumber,plumber manchester,2400,7.42,http://manchesterplumbingandheating.co.uk/plumber/
plumber,plumber manchester,2400,7.42,http://www.gtecplumbing.co.uk/
plumber,plumber salary,2400,1.27,https://www.cashfloat.co.uk/blog/money-borrowing/plumber-salary/
plumber,plumber salary,2400,1.27,https://www.totaljobs.com/salary-checker/average-plumber-salary
plumber,plumber salary,2400,1.27,https://www.indeed.co.uk/salaries/Plumber-Salaries
plumber,plumber salary,2400,1.27,https://www.payscale.com/research/UK/Job=Plumber/Hourly_Rate
plumber,plumber salary,2400,1.27,http://www.ladbible.com/community/uk-inspirational-self-employed-london-plumber-earns-210000-a-year-in-his-mid-30s-20180204
plumber,plumber salary,2400,1.27,https://www.theguardian.com/money/2002/nov/03/wageslaves.careers
plumber,plumber salary,2400,1.27,"https://www.glassdoor.co.uk/Salaries/plumber-salary-SRCH_KO0,7.htm"
plumber,plumber salary,2400,1.27,https://www.adzuna.co.uk/jobs/salaries/plumber
plumber,plumber salary,2400,1.27,https://www.tradesmansaver.co.uk/knowledgehub/what-are-tradesman
plumber,plumber salary,2400,1.27,https://www.careerexplorer.com/careers/plumber/salary/
plumber,plumber salary,2400,1.27,https://be-a.co.uk/plumber-wages/
plumber,plumber salary,2400,1.27,https://www.thesun.co.uk/archives/news/751087/what-happened-when-pimlico-plumbers-leaked-everyones-salary/
plumber,plumber salary,2400,1.27,https://www.cv-library.co.uk/salary-guide/average-plumber-salary
plumber,plumber salary,2400,1.27,https://www.reed.co.uk/average-salary/average-domestic-plumber-salary-in-brighton
